{
  "timestamp": "2025-09-23T13:42:48.839089",
  "database_id": "the-fe-simulator-pro",
  "problems": [
    {
      "number": "1",
      "category": "Math",
      "question": "The equation \\( (x-3)^2 + \\frac{y^2}{16} = 1 \\) defines what kind of shape?",
      "media": "",
      "choices": [
        "Circle",
        "Ellipse",
        "Hyperbola",
        "Parabola"
      ],
      "correct_answer": "B",
      "media_size": 40,
      "media_type": null,
      "media_filename": null,
      "media_url": null
    },
    {
      "number": "10",
      "category": "Ethics",
      "question": "Which of the following is NOT an Obligation of Licensees to the Public according to 2024-25 Model Rules, Section 240.15?",
      "media": "",
      "choices": [
        "Licensees shall be cognizant that their first and foremost responsibility is to safeguard the health, safety, and welfare of the public when performing services for clients and employers.",
        "Licensees shall express a professional opinion publicly only when it is founded upon an adequate knowledge of the facts and a competent evaluation of the subject matter.",
        "Licensees shall not knowingly provide false or incomplete information regarding an applicant in obtaining licensure.",
        "Licensees shall issue no statements, criticisms, or arguments on engineering and surveying matters that are inspired or paid for by interested parties especially when they explicitly identify the interested parties on whose behalf they are speaking and reveal any interest they have in the matters."
      ],
      "correct_answer": "D",
      "media_size": 40,
      "media_type": null,
      "media_filename": null,
      "media_url": null
    },
    {
      "number": "100",
      "category": "Transp",
      "question": "A highway has a crest vertical curve joining a +5% grade with a -1% grade. Determine what is most nearly the minimum length of the curve. Assume S < L, and use a perception-reaction time of 2.5 seconds, a design speed of 50 miles per hour, and a deceleration rate of 5 ft/s^2.",
      "media": "",
      "choices": [
        "491",
        "556",
        "874",
        "967"
      ],
      "correct_answer": "D",
      "media_size": 40,
      "media_type": null,
      "media_filename": null,
      "media_url": null
    },
    {
      "number": "101",
      "category": "Transp",
      "question": "Find the yellow length interval (in seconds) if the approach speed is 45 mph and the deceleration rate is 5 ft/sec^2. Assume the approach is on a level highway and the driver reaction time is 1.5 seconds.",
      "media": "",
      "choices": [
        "2.4",
        "6",
        "8.1",
        "12.6"
      ],
      "correct_answer": "C",
      "media_size": 40,
      "media_type": null,
      "media_filename": null,
      "media_url": null
    },
    {
      "number": "102",
      "category": "Transp",
      "question": "A signal for a 20 foot long crosswalk is being designed in the city. The crosswalk sees an average of 35 pedestrians per interval. What is approximately the signal time (in seconds) for the crosswalk?",
      "media": "",
      "choices": [
        "12",
        "18",
        "23",
        "34"
      ],
      "correct_answer": "B",
      "media_size": 40,
      "media_type": null,
      "media_filename": null,
      "media_url": null
    },
    {
      "number": "103",
      "category": "Constr",
      "question": "What does “free float” mean?",
      "media": "",
      "choices": [
        "The period during which a construction task can be rescheduled to accommodate additional resource allocation without affecting the critical path.",
        "The duration allocated for non-critical tasks to be completed without requiring additional manpower or resources.",
        "The amount of time a specific task within a project can last without impacting the rest of the project.",
        "None of the above"
      ],
      "correct_answer": "C",
      "media_size": 40,
      "media_type": null,
      "media_filename": null,
      "media_url": null
    },
    {
      "number": "104",
      "category": "Constr",
      "question": "A hospital’s construction is budgeted around $1.5 million. At the end of the project, the actual cost of the project was found to be $1.24 million. What is most nearly the Cost Performance Index for the project?",
      "media": "",
      "choices": [
        "1.49",
        "1.21",
        "2.5",
        "12.09"
      ],
      "correct_answer": "B",
      "media_size": 40,
      "media_type": null,
      "media_filename": null,
      "media_url": null
    },
    {
      "number": "105",
      "category": "Constr",
      "question": "What does the term \"critical path\" refer to?",
      "media": "",
      "choices": [
        "The sequence of tasks that determines the shortest time to complete the project.",
        "The list of tasks requiring the most expensive resources.",
        "The pathway for heavy machinery access on the construction site.",
        "The schedule for safety inspections during the project."
      ],
      "correct_answer": "A",
      "media_size": 40,
      "media_type": null,
      "media_filename": null,
      "media_url": null
    },
    {
      "number": "106",
      "category": "Constr",
      "question": "A specific work task currently shows expenditures of $4,500, with the value of work completed to date (budgeted cost) being $4,000. The overall allocated budget for this entire task is $5,000. The projected cost upon the completion of this task is most nearly",
      "media": "",
      "choices": [
        "4000",
        "4500",
        "5625",
        "6000"
      ],
      "correct_answer": "C",
      "media_size": 40,
      "media_type": null,
      "media_filename": null,
      "media_url": null
    },
    {
      "number": "107",
      "category": "Constr",
      "question": "A concrete foundation requires 50 yd^3 of concrete at $120/yd^3, 1,000 ft^2 of formwork at $5/ft^2, and 10 tons of reinforcing steel at $800/ton. Labor costs are estimated at $1,500. What is the total estimated cost for the foundation?",
      "media": "",
      "choices": [
        "12500",
        "15000",
        "17500",
        "20000"
      ],
      "correct_answer": "D",
      "media_size": 40,
      "media_type": null,
      "media_filename": null,
      "media_url": null
    },
    {
      "number": "108",
      "category": "Constr",
      "question": "A project has two activities occurring simultaneously: Activity A requires 4 workers for 5 days, and Activity B requires 3 workers for 3 days. If the maximum available workers per day is 5, how many additional days are required to level the resources without delaying the project?",
      "media": "",
      "choices": [
        "0 days",
        "1 days",
        "2 days",
        "3 days"
      ],
      "correct_answer": "A",
      "media_size": 40,
      "media_type": null,
      "media_filename": null,
      "media_url": null
    },
    {
      "number": "109",
      "category": "Constr",
      "question": "A project has three activities: Activity A (8 days, 2 workers), Activity B (6 days, 3 workers, depends on A), and Activity C (4 days, 2 workers, depends on A). Only 4 workers are available. What is the minimum project duration?",
      "media": "",
      "choices": [
        "14 days",
        "16 days",
        "18 days",
        "20 days"
      ],
      "correct_answer": "A",
      "media_size": 40,
      "media_type": null,
      "media_filename": null,
      "media_url": null
    },
    {
      "number": "11",
      "category": "Ethics",
      "question": "Who is defined as “an individual who is qualified to practice engineering by reason of engineering education, training, experience, and examination in the application of engineering principles and the interpretation of engineering data”",
      "media": "",
      "choices": [
        "An Engineering Intern",
        "A Professional Engineer",
        "An Engineering Graduate",
        "None of the Above"
      ],
      "correct_answer": "B",
      "media_size": 40,
      "media_type": null,
      "media_filename": null,
      "media_url": null
    },
    {
      "number": "110",
      "category": "Constr",
      "question": "According to the following project schedule, what is the late start time for activity B.",
      "media": "",
      "choices": [
        "7 days",
        "11 days",
        "13 days",
        "15 days"
      ],
      "correct_answer": "B",
      "media_size": 40,
      "media_type": null,
      "media_filename": null,
      "media_url": null
    },
    {
      "number": "12",
      "category": "Ethics",
      "question": "Why is engineering considered a profession rather than an occupation?",
      "media": "",
      "choices": [
        "It is based on a large knowledge base requiring extensive training.",
        "It is self-regulating.",
        "It is regulated by ethical standards.",
        "All of the above"
      ],
      "correct_answer": "D",
      "media_size": 40,
      "media_type": null,
      "media_filename": null,
      "media_url": null
    },
    {
      "number": "13",
      "category": "Ethics",
      "question": "You are a licensed professional engineer (PE) working for a consulting firm. A client requests that you sign and seal engineering drawings for a project you did not personally prepare or supervise. The drawings were prepared by a junior engineer who is not licensed, and you have not had the opportunity to thoroughly review the work due to time constraints. The client insists that your seal is needed urgently to meet a permitting deadline. What should you do, and why?",
      "media": "",
      "choices": [
        "Refuse to sign and seal the drawings until you have thoroughly reviewed and verified their accuracy and compliance with applicable codes and standards.",
        "Delegate the review to another unlicensed engineer and then sign and seal the drawings based on their assurance.",
        "Sign and seal the drawings immediately to meet the client’s deadline, trusting the junior engineer’s work.",
        "Sign and seal the drawings but include a disclaimer that you did not prepare or review them."
      ],
      "correct_answer": "A",
      "media_size": 40,
      "media_type": null,
      "media_filename": null,
      "media_url": null
    },
    {
      "number": "14",
      "category": "Econ",
      "question": "A 3-year US Treasury bond has a monthly interest rate of 6.8%. If you invest $15,000 initially, what will be the bond's value at maturity?",
      "media": "",
      "choices": [
        "$25,200.00",
        "$36,912.69",
        "$15,000.00",
        "$48,000.00"
      ],
      "correct_answer": "B",
      "media_size": 40,
      "media_type": null,
      "media_filename": null,
      "media_url": null
    },
    {
      "number": "15",
      "category": "Econ",
      "question": "An engineer borrows $20,000 from the bank to purchase a piece of machinery. They must pay the lender $500 for each year the loan is in existence, what is the simple interest rate?",
      "media": "",
      "choices": [
        "8%",
        "4%",
        "3.6%",
        "2.5%"
      ],
      "correct_answer": "D",
      "media_size": 40,
      "media_type": null,
      "media_filename": null,
      "media_url": null
    },
    {
      "number": "16",
      "category": "Econ",
      "question": "The cost of manufacturing a product in a workshop is given by C=12,000+0.08P, where P is the number of products manufactured. If each product sells for $5.00, how many items must be produced to break even?",
      "media": "",
      "choices": [
        "1,001",
        "3,333",
        "2,667",
        "2,150"
      ],
      "correct_answer": "C",
      "media_size": 40,
      "media_type": null,
      "media_filename": null,
      "media_url": null
    },
    {
      "number": "17",
      "category": "Econ",
      "question": "A person aims to save for a home down payment, targeting $80,000 in 4 years. How much must she invest each year in a standard index fund with a historical annual return of 8%? Ignore inflation.",
      "media": "",
      "choices": [
        "$17,672.48",
        "$20,150.49",
        "$15,011.32",
        "$20,000"
      ],
      "correct_answer": "A",
      "media_size": 40,
      "media_type": null,
      "media_filename": null,
      "media_url": null
    },
    {
      "number": "18",
      "category": "Econ",
      "question": "A small engineering firm is planning to finance new specialized equipment costing $250,000. They secure a loan with a nominal annual interest rate of 9%, compounded monthly. If the loan is to be repaid over 10 years, what would be the approximate monthly payment?",
      "media": "",
      "choices": [
        "2500",
        "3167",
        "3800",
        "4150"
      ],
      "correct_answer": "B",
      "media_size": 40,
      "media_type": null,
      "media_filename": null,
      "media_url": null
    },
    {
      "number": "19",
      "category": "Econ",
      "question": "An engineering consultancy firm is evaluating the purchase of a new, high-precision surveying instrument. The instrument has an initial purchase price of $40,000. It is expected to be useful for 8 years, after which it can be sold for an estimated salvage value of $10,000. Annual operating and maintenance costs for the instrument are projected to be $1,200. If the firm's required rate of return (interest rate) for such investments is 8% per year, what is the equivalent uniform annual cost of owning and operating this instrument, most nearly?",
      "media": "",
      "choices": [
        "6800",
        "7125",
        "7221",
        "8100"
      ],
      "correct_answer": "C",
      "media_size": 40,
      "media_type": null,
      "media_filename": null,
      "media_url": null
    },
    {
      "number": "2",
      "category": "Math",
      "question": "What is the second derivative of \\( f(x) = 2x^3 - 5x + \\sin(x) \\)",
      "media": "",
      "choices": [
        "\\( f''(x) = 18x^2 - 5 \\)",
        "\\( f''(x) = 0 \\)",
        "\\( f''(x) = 12x - \\sin(x) \\)",
        "\\( f''(x) = 6x^2 + 12x - 5 + \\cos(x) - \\sin(x) \\)"
      ],
      "correct_answer": "C",
      "media_size": 40,
      "media_type": null,
      "media_filename": null,
      "media_url": null
    },
    {
      "number": "20",
      "category": "Statics",
      "question": "Determine the x-coordinate centroid of the area bounded by the x-axis, x=π, and the function y=sin(x).",
      "media": "",
      "choices": [
        "π/5",
        "π/4",
        "π/2",
        "π/8"
      ],
      "correct_answer": "C",
      "media_size": 40,
      "media_type": null,
      "media_filename": null,
      "media_url": null
    },
    {
      "number": "21",
      "category": "Statics",
      "question": "If three nonparallel forces hold a rigid body in equilibrium, then",
      "media": "",
      "choices": [
        "They are equal",
        "They are concurrent",
        "They form a triangle",
        "They are colinear"
      ],
      "correct_answer": "B",
      "media_size": 40,
      "media_type": null,
      "media_filename": null,
      "media_url": null
    },
    {
      "number": "22",
      "category": "Statics",
      "question": "A construction crane is lifting a wide flange member as shown in the diagram. Determine the tension force (in lbs) in each of the two cables supporting the load.",
      "media": "Statics_1022.jpg",
      "choices": [
        "990.1",
        "1434",
        "720",
        "553"
      ],
      "correct_answer": "A",
      "media_size": 40,
      "media_type": "image/jpeg",
      "media_filename": "Statics_1022.jpg",
      "media_url": null
    },
    {
      "number": "23",
      "category": "Statics",
      "question": "Find the vertical reaction at A on the beam in pounds.",
      "media": "Statics_1023.jpg",
      "choices": [
        "1111",
        "1389",
        "500",
        "1250"
      ],
      "correct_answer": "B",
      "media_size": 40,
      "media_type": "image/jpeg",
      "media_filename": "Statics_1023.jpg",
      "media_url": null
    },
    {
      "number": "24",
      "category": "Statics",
      "question": "What is most nearly the vertical reaction (in kips) on the left side of the following arch?",
      "media": "Statics_1024.jpg",
      "choices": [
        "8",
        "9",
        "10",
        "11"
      ],
      "correct_answer": "B",
      "media_size": 40,
      "media_type": "image/jpeg",
      "media_filename": "Statics_1024.jpg",
      "media_url": null
    },
    {
      "number": "25",
      "category": "Statics",
      "question": "Determine what is most nearly the moment of inertia (in in^4) of the following T-section with respect to the x-axis.",
      "media": "Statics_1025.jpg",
      "choices": [
        "232",
        "289",
        "322",
        "398"
      ],
      "correct_answer": "C",
      "media_size": 40,
      "media_type": "image/jpeg",
      "media_filename": "Statics_1025.jpg",
      "media_url": null
    },
    {
      "number": "26",
      "category": "Statics",
      "question": "What is most nearly the moment (in kip-in) at point A in the lever arm shown.",
      "media": "Statics_1026.jpg",
      "choices": [
        "150",
        "193",
        "200",
        "210"
      ],
      "correct_answer": "D",
      "media_size": 40,
      "media_type": "image/jpeg",
      "media_filename": "Statics_1026.jpg",
      "media_url": null
    },
    {
      "number": "27",
      "category": "Statics",
      "question": "Two ropes come together to hold up a crate. If the ropes meet in the exact middle, then what is the tension (in lbs) in one of the ropes.",
      "media": "Statics_1027.jpg",
      "choices": [
        "3000",
        "3150",
        "2800",
        "3100"
      ],
      "correct_answer": "A",
      "media_size": 40,
      "media_type": "image/jpeg",
      "media_filename": "Statics_1027.jpg",
      "media_url": null
    },
    {
      "number": "28",
      "category": "Statics",
      "question": "A communication tower at a nearby news station is tethered in place by three guy wires. The tension in each guy wire is shown. Determine what is most nearly the magnitude of the resultant force in kips.",
      "media": "Statics_1028.jpg",
      "choices": [
        "2",
        "5",
        "7.5",
        "9"
      ],
      "correct_answer": "C",
      "media_size": 40,
      "media_type": "image/jpeg",
      "media_filename": "Statics_1028.jpg",
      "media_url": null
    },
    {
      "number": "29",
      "category": "Statics",
      "question": "A 10 kg block sits on a ramp whose surface has a coefficient of friction of 0.6. The block is attached to a cable which goes over a pulley to another block suspended in the air as shown. Determine what is most nearly the mass m of the suspended block in kg.",
      "media": "Statics_1029.jpg",
      "choices": [
        "5",
        "5.5",
        "6.2",
        "10"
      ],
      "correct_answer": "B",
      "media_size": 40,
      "media_type": "image/jpeg",
      "media_filename": "Statics_1029.jpg",
      "media_url": null
    },
    {
      "number": "3",
      "category": "Math",
      "question": "Determine what is most nearly the max y-coordinate along the curve \\( f(x) = \\sin(x+5) - \\frac{x}{2} \\) between the interval \\( 0 \\le x \\le 5 \\)",
      "media": "",
      "choices": [
        "-0.3",
        "2.3",
        "4.4",
        "5"
      ],
      "correct_answer": "B",
      "media_size": 40,
      "media_type": null,
      "media_filename": null,
      "media_url": null
    },
    {
      "number": "30",
      "category": "Dynamics",
      "question": "A radar tracking system is monitoring an aircraft flying in a circular path around a control tower. The aircraft's position is described in polar coordinates as r(t) = 5000 meters (constant radius) and θ(t) = 0.02t radians, where t is time in seconds. At t = 10 seconds, what is the transverse component of the aircraft's velocity?",
      "media": "",
      "choices": [
        "50 m/s",
        "100 m/s",
        "150 m/s",
        "200 m/s"
      ],
      "correct_answer": "B",
      "media_size": 40,
      "media_type": null,
      "media_filename": null,
      "media_url": null
    },
    {
      "number": "31",
      "category": "Dynamics",
      "question": "A train is traveling at 29 m/s along a railroad. The engineer suddenly applies the brakes and the train begins to decelerate at 1.6 m/s^2 How long does it take for the train to come to a complete stop?",
      "media": "",
      "choices": [
        "14 seconds",
        "7.5 seconds",
        "18 seconds",
        "25 seconds"
      ],
      "correct_answer": "C",
      "media_size": 40,
      "media_type": null,
      "media_filename": null,
      "media_url": null
    },
    {
      "number": "32",
      "category": "Dynamics",
      "question": "A 4 kg object moves across a frictionless surface at 10 m/s and collides with a stationary 6 kg mass. If the collision is perfectly elastic, calculate the velocity of the stationary object after the collision.",
      "media": "",
      "choices": [
        "5 m/s",
        "8 m/s",
        "0 m/s",
        "12 m/s"
      ],
      "correct_answer": "B",
      "media_size": 40,
      "media_type": null,
      "media_filename": null,
      "media_url": null
    },
    {
      "number": "33",
      "category": "Dynamics",
      "question": "A 3-kg block slides on a frictionless surface under a constant force of 15 N. How long (in seconds) will it take for the block to reach a speed of 12 m/s?",
      "media": "",
      "choices": [
        "3.6 seconds",
        "1.2 seconds",
        "4.8 seconds",
        "2.4 seconds"
      ],
      "correct_answer": "D",
      "media_size": 40,
      "media_type": null,
      "media_filename": null,
      "media_url": null
    },
    {
      "number": "34",
      "category": "Dynamics",
      "question": "A machine component in a rotating assembly has a weight of 12 N and a mass radius of gyration of 5.0 cm. What is the mass moment of inertia (in kg·cm²) of this component?",
      "media": "",
      "choices": [
        "30",
        "55",
        "60",
        "120"
      ],
      "correct_answer": "A",
      "media_size": 40,
      "media_type": null,
      "media_filename": null,
      "media_url": null
    },
    {
      "number": "35",
      "category": "Strength",
      "question": "A composite rod consists of two segments: Segment A is 1.5 m long with a cross-sectional area of 0.0004 m² and Young's modulus of 150 GPa, and Segment B is 2.5 m long with a cross-sectional area of 0.0006 m² and Young's modulus of 200 GPa. The rod is subjected to a tensile force of 75 kN. Calculate the total elongation (δ_total) of the rod, considering each segment separately using the equation δ = PL/AE, and then summing the elongations.",
      "media": "",
      "choices": [
        "2.1 mm",
        "3.4375 mm",
        "0.00789 m",
        "12.5 mm"
      ],
      "correct_answer": "B",
      "media_size": 40,
      "media_type": null,
      "media_filename": null,
      "media_url": null
    },
    {
      "number": "36",
      "category": "Strength",
      "question": "According to the shear diagram, find the maximum moment. None of the lines are parabolic.",
      "media": "Strength_1036.jpg",
      "choices": [
        "-6.25 kN",
        "20 kN",
        "10 kN",
        "12.5 kN"
      ],
      "correct_answer": "C",
      "media_size": 40,
      "media_type": "image/jpeg",
      "media_filename": "Strength_1036.jpg",
      "media_url": null
    },
    {
      "number": "37",
      "category": "Strength",
      "question": "A slender steel column with a circular cross-section has a diameter of 50 mm and a length of 3 m. The column is pinned at both ends and made of steel with a Young's modulus E=200 GPa. Using Euler's formula, determine the critical buckling load Pcr for the column. Assume the column is perfectly straight and the load is applied axially.",
      "media": "",
      "choices": [
        "810.6 kN",
        "405.3 kN",
        "101.3 kN",
        "202.6 kN"
      ],
      "correct_answer": "B",
      "media_size": 40,
      "media_type": null,
      "media_filename": null,
      "media_url": null
    },
    {
      "number": "38",
      "category": "Strength",
      "question": "A simply supported beam has a variable distributed load applied to it. What is most nearly the maximum deflection in the beam in inches and how many feet along the beam does the maximum deflection occur? The beam has a Modulus of Elasticity of 29,000 ksi and a Moment of Inertia of 156 in^4. Ignore the beam’s self-weight.",
      "media": "Strength_1038.jpg",
      "choices": [
        "-2x10^-2 in at 10.5 ft",
        "-3.5x10^-5 in at 6 ft",
        "-7x10^-3 in at 19 ft",
        "-8x10^-3 in at 12 ft"
      ],
      "correct_answer": "D",
      "media_size": 40,
      "media_type": "image/jpeg",
      "media_filename": "Strength_1038.jpg",
      "media_url": null
    },
    {
      "number": "39",
      "category": "Strength",
      "question": "A solid circular steel shaft with a diameter of 6 inches is subjected to a torque of 800 lb-ft. What is most nearly the maximum shear stress (in psi) in the shaft?",
      "media": "",
      "choices": [
        "30",
        "155",
        "226",
        "403"
      ],
      "correct_answer": "C",
      "media_size": 40,
      "media_type": null,
      "media_filename": null,
      "media_url": null
    },
    {
      "number": "4",
      "category": "Math",
      "question": "Evaluate the integral ∫4x + 2 + x^3 dx",
      "media": "",
      "choices": [
        "\\( x^2 + 4x + 3x^2 + C \\)",
        "\\( x^3 + 2x^2 + 4 + C \\)",
        "\\( x + 4x + x^2 + C \\)",
        "\\(2x^2 + 2x + \\frac{x^4}{4} + C \\)"
      ],
      "correct_answer": "D",
      "media_size": 40,
      "media_type": null,
      "media_filename": null,
      "media_url": null
    },
    {
      "number": "40",
      "category": "Strength",
      "question": "A rectangular wooden beam with a width of 4 inches and a height of 8 inches is subjected to a maximum bending moment of 15 kip-ft. What is most nearly the maximum bending stress (in ksi) in the beam?",
      "media": "",
      "choices": [
        "3.5",
        "4.2",
        "8.4",
        "10"
      ],
      "correct_answer": "B",
      "media_size": 40,
      "media_type": null,
      "media_filename": null,
      "media_url": null
    },
    {
      "number": "41",
      "category": "Strength",
      "question": "A rectangular beam with a width of 4 in and a height of 10 in carries a shear force of 8 kips. What is most nearly the shear stress (in psi) at a depth of 2 in from the neutral axis?",
      "media": "",
      "choices": [
        "180",
        "250",
        "300",
        "360"
      ],
      "correct_answer": "B",
      "media_size": 40,
      "media_type": null,
      "media_filename": null,
      "media_url": null
    },
    {
      "number": "42",
      "category": "Strength",
      "question": "A steel rod with a diameter of 1 in is subjected to an axial tensile force of 10,000 lb and a bending moment of 2,000 lb-in. What is most nearly the maximum normal stress (in ksi) at the outer surface of the rod?",
      "media": "",
      "choices": [
        "20",
        "28",
        "30",
        "33"
      ],
      "correct_answer": "C",
      "media_size": 40,
      "media_type": null,
      "media_filename": null,
      "media_url": null
    },
    {
      "number": "43",
      "category": "Materials",
      "question": "An axial load is applied to a 20 centimeter long cylindrical piece of steel. Due to the axial load, the steel is stretched to 24.3 centimeters where it fractures. What is the percent elongation of the member?",
      "media": "",
      "choices": [
        "23.4%",
        "21.5%",
        "18.9%",
        "16%"
      ],
      "correct_answer": "B",
      "media_size": 40,
      "media_type": null,
      "media_filename": null,
      "media_url": null
    },
    {
      "number": "44",
      "category": "Materials",
      "question": "A composite material with a strain of 0.12 and an elastic modulus of 300 kPa is composed of three materials listed in the table. Determine the strength of Component 3.",
      "media": "Materials_1044.jpg",
      "choices": [
        "60 kPa",
        "100 kPa",
        "170 kPa",
        "220 kPa"
      ],
      "correct_answer": "A",
      "media_size": 40,
      "media_type": "image/jpeg",
      "media_filename": "Materials_1044.jpg",
      "media_url": null
    },
    {
      "number": "45",
      "category": "Materials",
      "question": "For a plain carbon steel sample with a tensile strength of 8,500 psi, calculate its estimated Brinell hardness.",
      "media": "",
      "choices": [
        "16.8",
        "17",
        "18.9",
        "20"
      ],
      "correct_answer": "B",
      "media_size": 40,
      "media_type": null,
      "media_filename": null,
      "media_url": null
    },
    {
      "number": "46",
      "category": "Materials",
      "question": "A fragile Alumina sample has a stress intensity factor of 4,250 psi·in^(1/2). Determine the applied tensile stress in psi if the sample has an internal crack with a crack length parameter a=2.5 inches.",
      "media": "",
      "choices": [
        "1,521 psi",
        "1,455 psi",
        "1,517 psi",
        "1,600 psi"
      ],
      "correct_answer": "C",
      "media_size": 40,
      "media_type": null,
      "media_filename": null,
      "media_url": null
    },
    {
      "number": "47",
      "category": "Materials",
      "question": "If a plain carbon steel test specimen has a tensile strength of 33.25 MPa. Determine the Brinell hardness number.",
      "media": "",
      "choices": [
        "5",
        "8.3",
        "9.5",
        "11"
      ],
      "correct_answer": "C",
      "media_size": 40,
      "media_type": null,
      "media_filename": null,
      "media_url": null
    },
    {
      "number": "48",
      "category": "Materials",
      "question": "What is the main factor that determines concrete strength?",
      "media": "",
      "choices": [
        "Water/Cement Ratio",
        "Aggregate Size",
        "Rebar Composition",
        "Admixtures"
      ],
      "correct_answer": "A",
      "media_size": 40,
      "media_type": null,
      "media_filename": null,
      "media_url": null
    },
    {
      "number": "49",
      "category": "Fluids",
      "question": "Castle Geyser at Yellowstone National Park shoots water 250 ft into the air. What is most nearly the minimum gauge pressure in psi at the base?",
      "media": "",
      "choices": [
        "290 psi",
        "108 psi",
        "245 psi",
        "173 psi"
      ],
      "correct_answer": "B",
      "media_size": 40,
      "media_type": null,
      "media_filename": null,
      "media_url": null
    },
    {
      "number": "5",
      "category": "Math",
      "question": "Determine the cross product of the following vectors A and B.",
      "media": "Math_1005.jpg",
      "choices": [
        "<5, 1, 0>",
        "<16, 10, 1>",
        "<14, 20, 5>",
        "<1, 0, 4>"
      ],
      "correct_answer": "B",
      "media_size": 40,
      "media_type": "image/jpeg",
      "media_filename": "Math_1005.jpg",
      "media_url": null
    },
    {
      "number": "50",
      "category": "Fluids",
      "question": "A simple U-shaped manometer is attached to an air pipe and measures a pressure of 20 mmHg. The pressure in psi of the air is",
      "media": "",
      "choices": [
        "0.387 psi",
        "20 psi",
        "9.783 psi",
        "1.47 psi"
      ],
      "correct_answer": "A",
      "media_size": 40,
      "media_type": null,
      "media_filename": null,
      "media_url": null
    },
    {
      "number": "51",
      "category": "Fluids",
      "question": "A tank is filled with water at height H of 50 ft. A hole is punched in one of the walls at a depth h of 12 ft below the water surface. What is most nearly the distance x from the foot of the tank at which the stream strikes the floor.",
      "media": "Fluids_1051.jpg",
      "choices": [
        "24 ft",
        "98 ft",
        "37 ft",
        "43 ft"
      ],
      "correct_answer": "D",
      "media_size": 40,
      "media_type": "image/jpeg",
      "media_filename": "Fluids_1051.jpg",
      "media_url": null
    },
    {
      "number": "52",
      "category": "Fluids",
      "question": "An angled gate with a weight of 6,000 lbs holds back a depth of water as shown. Find what is most nearly the force F (in kips) needed to keep the gate in position.",
      "media": "",
      "choices": [
        "3",
        "8",
        "13",
        "20"
      ],
      "correct_answer": "A",
      "media_size": 40,
      "media_type": null,
      "media_filename": null,
      "media_url": null
    },
    {
      "number": "53",
      "category": "Fluids",
      "question": "A fluid flows steadily through a rectangular box. If A_1 = 2.0 ft^2, A_2 = 1.5 ft^2, A_3 = 0.65 ft^2, V_1 = <3, 0> ft/s, and V_2 = <2.5, 0> ft/s, determine what is most nearly the x-component (in ft/s) of V_3.",
      "media": "",
      "choices": [
        "1.5",
        "3",
        "3.5",
        "4.3"
      ],
      "correct_answer": "B",
      "media_size": 40,
      "media_type": null,
      "media_filename": null,
      "media_url": null
    },
    {
      "number": "54",
      "category": "Fluids",
      "question": "Water flows through a 3.5 cm diameter pipe at 4 m/s. What is the type of flow if the waters temperature is 10°C?",
      "media": "",
      "choices": [
        "Laminar",
        "Transitional",
        "Turbulent",
        "Not enough information"
      ],
      "correct_answer": "C",
      "media_size": 40,
      "media_type": null,
      "media_filename": null,
      "media_url": null
    },
    {
      "number": "55",
      "category": "Surveying",
      "question": "A surveyor determines an azimuth of 135° 45' 30\". Calculate the bearing.",
      "media": "",
      "choices": [
        "N45°25' 34\"W",
        "S44° 14' 30\"E",
        "S35° 16' 13\"W",
        "N135° 45' 30\"E"
      ],
      "correct_answer": "B",
      "media_size": 40,
      "media_type": null,
      "media_filename": null,
      "media_url": null
    },
    {
      "number": "56",
      "category": "Surveying",
      "question": "Earthwork for a roadway is cut and filled at the following stations. What is approximately the total volume of earthwork to be cut?",
      "media": "Surveying_1056.jpg",
      "choices": [
        "9,000 ft^2",
        "12,500 ft^2",
        "8,450 ft^2",
        "10,500 ft^2"
      ],
      "correct_answer": "A",
      "media_size": 40,
      "media_type": "image/jpeg",
      "media_filename": "Surveying_1056.jpg",
      "media_url": null
    },
    {
      "number": "57",
      "category": "Surveying",
      "question": "A surveyor is given the latitude and longitude coordinates for a trapezoidal portion of a parking lot. In this area of the lot, the length of one degree of latitude is 355,200 ft, and the length of one degree of longitude is 298,165 ft. Find the approximate area of the plot in square feet.",
      "media": "Surveying_1057.jpg",
      "choices": [
        "14,500 ft^2",
        "15,000 ft^2",
        "10,000 ft^2",
        "12,000 ft^2"
      ],
      "correct_answer": "D",
      "media_size": 40,
      "media_type": "image/jpeg",
      "media_filename": "Surveying_1057.jpg",
      "media_url": null
    },
    {
      "number": "58",
      "category": "Surveying",
      "question": "A backsight of 6.50 ft is taken on a turning point with an elevation of 1,550.25 ft. If the foresight taken on the top of a survey stake is 3.80 ft, what is most nearly the elevation (in feet) of the top of the stake?",
      "media": "",
      "choices": [
        "1549",
        "1550",
        "1553",
        "1564"
      ],
      "correct_answer": "C",
      "media_size": 40,
      "media_type": null,
      "media_filename": null,
      "media_url": null
    },
    {
      "number": "59",
      "category": "Surveying",
      "question": "A closed-loop traverse has four interior angles measured as 95°15'30\", 102°45'00\", 88°30'15\", and 73°30'15\". What is the angular error of closure?",
      "media": "",
      "choices": [
        "0°00'00\"",
        "0°00'30\"",
        "0°01'00\"",
        "0°02'00\""
      ],
      "correct_answer": "C",
      "media_size": 40,
      "media_type": null,
      "media_filename": null,
      "media_url": null
    },
    {
      "number": "6",
      "category": "Math",
      "question": "The test scores for a group of students is collected and shown below. Which of the following statements is true?",
      "media": "Math_1006.jpg",
      "choices": [
        "The mean is greater than the median",
        "The mean is less than the median",
        "The mean is equal to the median",
        "None of the above"
      ],
      "correct_answer": "A",
      "media_size": 40,
      "media_type": "image/jpeg",
      "media_filename": "Math_1006.jpg",
      "media_url": null
    },
    {
      "number": "60",
      "category": "Surveying",
      "question": "A traverse line AB has a bearing of S 75°30'00\" W. What is the azimuth of line BA?",
      "media": "",
      "choices": [
        "75°30'00\"",
        "104°30'00\"",
        "255°30'00\"",
        "284°30'00\""
      ],
      "correct_answer": "A",
      "media_size": 40,
      "media_type": null,
      "media_filename": null,
      "media_url": null
    },
    {
      "number": "61",
      "category": "Envir",
      "question": "Approximate the thickness b of a confined aquifer if it’s transmissivity is 325 sqft/day and it’s hydraulic conductivity is 5.7 ft/day",
      "media": "",
      "choices": [
        "60 ft",
        "18 ft",
        "24 ft",
        "55 ft"
      ],
      "correct_answer": "A",
      "media_size": 40,
      "media_type": null,
      "media_filename": null,
      "media_url": null
    },
    {
      "number": "62",
      "category": "Envir",
      "question": "What is the flow rate (cfs) of a 35-acre parcel of land that has a rainfall intensity of 1.5 in/hr, and a rational method runoff coefficient of 0.2?",
      "media": "",
      "choices": [
        "7.875 cfs",
        "10.5 cfs",
        "9 cfs",
        "4.125 cfs"
      ],
      "correct_answer": "B",
      "media_size": 40,
      "media_type": null,
      "media_filename": null,
      "media_url": null
    },
    {
      "number": "63",
      "category": "Envir",
      "question": "A wastewater sample has a BOD deoxygenation rate constant of 0.25 per day at 20°C. The wastewater treatment plant operates at 30°C, and the temperation correction coefficient is 1.047. Find the deoxygenation rate constant at 30°C.",
      "media": "",
      "choices": [
        "0.25/day",
        "0.38/day",
        "0.4/day",
        "0.5/day"
      ],
      "correct_answer": "C",
      "media_size": 40,
      "media_type": null,
      "media_filename": null,
      "media_url": null
    },
    {
      "number": "64",
      "category": "Envir",
      "question": "Balance the equation below for the combustion of methane with oxygen to produce carbon dioxide and water.",
      "media": "Envir_1064.jpg",
      "choices": [
        "\\text{CH}_4 + 2 \\text{O}_2 \\rightarrow \\text{CO}_2 + 2 \\text{H}_2\\text{O}",
        "2 \\text{CH}_4 + 3 \\text{O}_2 \\rightarrow 2 \\text{CO}_2 + \\text{H}_2\\text{O}",
        "\\text{CH}_4 + 2 \\text{O}_2 \\rightarrow \\text{CO}_2 + 3 \\text{H}_2\\text{O}",
        "\\text{CH}_4 + \\text{O}_2 \\rightarrow \\text{CO}_2 + \\text{H}_2\\text{O}"
      ],
      "correct_answer": "A",
      "media_size": 40,
      "media_type": "image/jpeg",
      "media_filename": "Envir_1064.jpg",
      "media_url": null
    },
    {
      "number": "65",
      "category": "Envir",
      "question": "Balance the equation below for sulfuric acid being neutralized with calcium hydroxide to produce calcium sulfate and water.",
      "media": "Envir_1065.jpg",
      "choices": [
        "\\text{H}_2\\text{SO}_4 + \\text{Ca(OH)}_2 \\rightarrow \\text{CaSO}_4 + \\text{H}_2\\text{O}",
        "\\text{H}_2\\text{SO}_4 + \\text{Ca(OH)}_2 \\rightarrow \\text{CaSO}_4 + 3 \\text{H}_2\\text{O}",
        "2 \\text{H}_2\\text{SO}_4 + \\text{Ca(OH)}_2 \\rightarrow \\text{CaSO}_4 + 2 \\text{H}_2\\text{O}",
        "\\text{H}_2\\text{SO}_4 + \\text{Ca(OH)}_2 \\rightarrow \\text{CaSO}_4 + 2 \\text{H}_2\\text{O}"
      ],
      "correct_answer": "D",
      "media_size": 40,
      "media_type": "image/jpeg",
      "media_filename": "Envir_1065.jpg",
      "media_url": null
    },
    {
      "number": "66",
      "category": "Envir",
      "question": "Which of the following is not a principle alkaline ion?",
      "media": "",
      "choices": [
        "Sulfur Dioxide",
        "Hydroxide",
        "Carbonate",
        "Nitrate"
      ],
      "correct_answer": "A",
      "media_size": 40,
      "media_type": null,
      "media_filename": null,
      "media_url": null
    },
    {
      "number": "67",
      "category": "Envir",
      "question": "A water treatment plant processes 1.5 million gallons per day (MGD) of raw water to meet drinking water standards. To achieve adequate disinfection, a residual chlorine concentration of 1.2 mg/L is required after a contact time of 30 minutes. The raw water has a chlorine demand of 0.8 mg/L. Assuming chlorine is applied as sodium hypochlorite (NaOCl) with 10% available chlorine by weight, what is most nearly the daily mass of sodium hypochlorite (in lbs) required for disinfection?",
      "media": "",
      "choices": [
        "175",
        "200",
        "225",
        "250"
      ],
      "correct_answer": "D",
      "media_size": 40,
      "media_type": null,
      "media_filename": null,
      "media_url": null
    },
    {
      "number": "68",
      "category": "Envir",
      "question": "A water treatment plant includes a rectangular primary clarifier to remove suspended solids from raw water. The clarifier processes a flow rate of 2.0 million gallons per day (MGD). The tank has a length of 80 ft, a width of 20 ft, and a water depth of 10 ft. What is most nearly the overflow rate (in gpd/ft^2) of the clarifier?",
      "media": "",
      "choices": [
        "1000",
        "1250",
        "1500",
        "1750"
      ],
      "correct_answer": "B",
      "media_size": 40,
      "media_type": null,
      "media_filename": null,
      "media_url": null
    },
    {
      "number": "69",
      "category": "Envir",
      "question": "Which of the following is not one of the commonly found air pollutants as established by the Clean Air Act of 1955?",
      "media": "",
      "choices": [
        "Carbon Monoxide",
        "Sulfur Dioxide",
        "Ammonia",
        "Lead"
      ],
      "correct_answer": "C",
      "media_size": 40,
      "media_type": null,
      "media_filename": null,
      "media_url": null
    },
    {
      "number": "7",
      "category": "Math",
      "question": "What is most nearly the area of the shaded space between the two curves?",
      "media": "Math_1007.jpg",
      "choices": [
        "3.8",
        "4.5",
        "4.9",
        "9.1"
      ],
      "correct_answer": "C",
      "media_size": 40,
      "media_type": "image/jpeg",
      "media_filename": "Math_1007.jpg",
      "media_url": null
    },
    {
      "number": "70",
      "category": "Envir",
      "question": "A water treatment plant processes water from a reservoir with a measured turbidity of 45 NTUs. To meet drinking water standards, the turbidity must be reduced to 0.3 NTU or less after treatment. Jar tests indicate that an alum dosage of 10 mg/L is required per 10 NTU of turbidity to achieve effective coagulation and sedimentation. If the plant treats 0.2 MGD, what is most nearly the daily mass of alum required (in lbs) to treat the reservoir water?",
      "media": "",
      "choices": [
        "45",
        "56",
        "67",
        "78"
      ],
      "correct_answer": "D",
      "media_size": 40,
      "media_type": null,
      "media_filename": null,
      "media_url": null
    },
    {
      "number": "71",
      "category": "Struc",
      "question": "An interior floor system has W24X55 sections spaced 6 feet on center. The floor system supports a floor dead load of 40 PSF and a floor live load of 90 PSF. Find the governing load in lbs/ft that each beam must support. Ignore the beam’s self-weight and use ASD load combinations.",
      "media": "Struc_1071.jpg",
      "choices": [
        "780 lbs/ft",
        "824 lbs/ft",
        "360 lbs/ft",
        "130 lbs/ft"
      ],
      "correct_answer": "A",
      "media_size": 40,
      "media_type": "image/jpeg",
      "media_filename": "Struc_1071.jpg",
      "media_url": null
    },
    {
      "number": "72",
      "category": "Struc",
      "question": "For the plate shown, find the effect net area for the sake of tension design. The plate is 3/4 inch thick and has holes to accomodate 1/2 inch diameter bolts.",
      "media": "Struc_1072.jpg",
      "choices": [
        "12.5 in^2",
        "11.2 in^2",
        "20 in^2",
        "10.85 in^2"
      ],
      "correct_answer": "B",
      "media_size": 40,
      "media_type": "image/jpeg",
      "media_filename": "Struc_1072.jpg",
      "media_url": null
    },
    {
      "number": "73",
      "category": "Struc",
      "question": "A concrete slab is upheld by four short reinforced concrete columns. Given the loading on the concrete slab and assuming that each reinforcing bar is the same size, determine the best size of bar to be used.",
      "media": "Struc_1073.jpg",
      "choices": [
        "#5",
        "#6",
        "#7",
        "#9"
      ],
      "correct_answer": "B",
      "media_size": 40,
      "media_type": "image/jpeg",
      "media_filename": "Struc_1073.jpg",
      "media_url": null
    },
    {
      "number": "74",
      "category": "Struc",
      "question": "Which of the following steel members are the most efficient in compression?",
      "media": "",
      "choices": [
        "WT",
        "C",
        "HSS",
        "W"
      ],
      "correct_answer": "C",
      "media_size": 40,
      "media_type": null,
      "media_filename": null,
      "media_url": null
    },
    {
      "number": "75",
      "category": "Struc",
      "question": "A simple frame is constructed of W12X50 members. With respect to the minimum radius of gyration, what is most nearly the capacity axial load (in kips) for column A-B?",
      "media": "Struc_1075.jpg",
      "choices": [
        "379",
        "460",
        "645",
        "98"
      ],
      "correct_answer": "D",
      "media_size": 40,
      "media_type": "image/jpeg",
      "media_filename": "Struc_1075.jpg",
      "media_url": null
    },
    {
      "number": "76",
      "category": "Struc",
      "question": "Determine the stability and determinacy of the following planar truss.",
      "media": "Struc_1076.jpg",
      "choices": [
        "Statically Indeterminate and Stable",
        "Statically Determinate and Stable",
        "Statically Indeterminate and Unstable",
        "Unstable"
      ],
      "correct_answer": "B",
      "media_size": 40,
      "media_type": "image/jpeg",
      "media_filename": "Struc_1076.jpg",
      "media_url": null
    },
    {
      "number": "77",
      "category": "Struc",
      "question": "Find what is most nearly the maximum deflection (in inches) in the beam if I = 450 in^4 and E = 29,000 ksi.",
      "media": "Struc_1077.jpg",
      "choices": [
        "1.5x10^-6",
        "8.0x10^-4",
        "1.5",
        "5"
      ],
      "correct_answer": "C",
      "media_size": 40,
      "media_type": "image/jpeg",
      "media_filename": "Struc_1077.jpg",
      "media_url": null
    },
    {
      "number": "78",
      "category": "Struc",
      "question": "In Pittsburg, the ground snow load is determined to be 25 PSF. Determine the flat roof snow load (in PSF) for a suburban structure in a sheltered area. Assume the Risk Category is I and the Thermal Factor is 1.0.",
      "media": "",
      "choices": [
        "17.5",
        "16.8",
        "21",
        "24"
      ],
      "correct_answer": "B",
      "media_size": 40,
      "media_type": null,
      "media_filename": null,
      "media_url": null
    },
    {
      "number": "79",
      "category": "Struc",
      "question": "Determine most nearly the design flexural strength (in kip-ft) of the following reinforced concrete beam section. Assume ϕ = 0.9, f'_c = 3 ksi, and f_y = 60 ksi.",
      "media": "Struc_1079.jpg",
      "choices": [
        "212",
        "235",
        "2550",
        "2825"
      ],
      "correct_answer": "A",
      "media_size": 40,
      "media_type": "image/jpeg",
      "media_filename": "Struc_1079.jpg",
      "media_url": null
    },
    {
      "number": "8",
      "category": "Math",
      "question": "A local community center is organizing a volunteer team to plan a charity event. From a pool of 10 interested volunteers, they need to select a subcommittee of 4 members to handle specific tasks, where the order of selection is irrelevant. How many unique subcommittees can be formed for this purpose?",
      "media": "",
      "choices": [
        "210",
        "14",
        "5040",
        "420"
      ],
      "correct_answer": "A",
      "media_size": 40,
      "media_type": null,
      "media_filename": null,
      "media_url": null
    },
    {
      "number": "80",
      "category": "Struc",
      "question": "The design flexural strength (in kip-in) of a W10X77 beam with a yield stress of 50 ksi is most nearly",
      "media": "",
      "choices": [
        "4100",
        "4200",
        "4300",
        "4400"
      ],
      "correct_answer": "D",
      "media_size": 40,
      "media_type": null,
      "media_filename": null,
      "media_url": null
    },
    {
      "number": "81",
      "category": "Struc",
      "question": "A steel W14X38 beam is laterally braced every 4 feet. What is the moment capacity (in kip-ft) given that the yield stress is 50 ksi?",
      "media": "",
      "choices": [
        "231",
        "143",
        "151",
        "240"
      ],
      "correct_answer": "A",
      "media_size": 40,
      "media_type": null,
      "media_filename": null,
      "media_url": null
    },
    {
      "number": "82",
      "category": "Geotech",
      "question": "A shallow strip footing is being designed in a soil which has a density of 113.5 pcf. Assuming a sandy soil (cohesion is negligible), and given Nc=37.16, Nq=22.46, Nγ=19.12, and an allowable bearing capacity of 3,566.4 lbs with a factor of safety of 4, what is the best width of the footing that must be designed at 4 ft below the surface?",
      "media": "",
      "choices": [
        "2’ - 0”",
        "3’ - 9”",
        "4’ - 2”",
        "3’ - 6”"
      ],
      "correct_answer": "B",
      "media_size": 40,
      "media_type": null,
      "media_filename": null,
      "media_url": null
    },
    {
      "number": "83",
      "category": "Geotech",
      "question": "A soil boring is taken to a depth of 9 feet. Groundwater is found at 7 feet, and the soil density is found to be 115 pcf. What is the effective vertical stress (psf) of the soil at the same elevation as where the soil boring was terminated?",
      "media": "",
      "choices": [
        "124.8",
        "1035",
        "910.2",
        "1150"
      ],
      "correct_answer": "C",
      "media_size": 40,
      "media_type": null,
      "media_filename": null,
      "media_url": null
    },
    {
      "number": "84",
      "category": "Geotech",
      "question": "A soil sample is analyzed and has a volume of 764.35 cubic inches with a weight of 49.9 lbs which decreases to 40.2 lbs after being placed in the oven. What is the saturated unit weight (pcf) of the soil sample if the specific gravity is 3.2 and the void ratio is 0.9?",
      "media": "",
      "choices": [
        "150",
        "120.6",
        "198.3",
        "134.65"
      ],
      "correct_answer": "D",
      "media_size": 40,
      "media_type": null,
      "media_filename": null,
      "media_url": null
    },
    {
      "number": "85",
      "category": "Geotech",
      "question": "A soil sample has a specific gravity of solids of 3.10, a moisture content of 9.25%, and a void ratio of 0.45. The degree of saturation is most nearly",
      "media": "",
      "choices": [
        "0.25",
        "0.54",
        "0.65",
        "0.7"
      ],
      "correct_answer": "C",
      "media_size": 40,
      "media_type": null,
      "media_filename": null,
      "media_url": null
    },
    {
      "number": "86",
      "category": "Geotech",
      "question": "A direct shear test is done on a soil sample. The area of the soil sample is 13.5 in^2, the normal load at failure is 603 lb, and the shear stress at failure is 14 psi. What is most nearly the angle of internal friction?",
      "media": "",
      "choices": [
        "10°",
        "53°",
        "67.8°",
        "75°"
      ],
      "correct_answer": "D",
      "media_size": 40,
      "media_type": null,
      "media_filename": null,
      "media_url": null
    },
    {
      "number": "87",
      "category": "Geotech",
      "question": "An engineer conducts subsurface exploration on a level site and discovers the top layer of soil to be 7 feet of clay and the groundwater at the ground surface. The unit weight of the clay is 95.0 pcf. What is most nearly the effective overburden stress (psf) at a depth of 7 ft?",
      "media": "",
      "choices": [
        "230",
        "270",
        "285",
        "300"
      ],
      "correct_answer": "A",
      "media_size": 40,
      "media_type": null,
      "media_filename": null,
      "media_url": null
    },
    {
      "number": "88",
      "category": "Geotech",
      "question": "A seven-story apartment building is to be constructed on a vacant lot. The soil boring log discovers the lot is composed of a 15 ft layer of loose soil over a 7 ft layer of limestone. What type of foundation should be used for the apartment building to cause the least amount of settlement?",
      "media": "",
      "choices": [
        "Deep foundation",
        "Spread Footings",
        "Shallow Foundations",
        "Mat Foundation"
      ],
      "correct_answer": "A",
      "media_size": 40,
      "media_type": null,
      "media_filename": null,
      "media_url": null
    },
    {
      "number": "89",
      "category": "Geotech",
      "question": "A soil profile consists of a 5-ft thick layer of dry sand overlying a saturated clay layer. The dry unit weight of the sand is 110 pcf. The saturated unit weight of the clay is 125 pcf. The groundwater table is located at the interface between the sand and clay layers. What is the effective vertical stress (psf) at a depth of 12 feet below the ground surface, most nearly?",
      "media": "",
      "choices": [
        "900",
        "1000",
        "1100",
        "1200"
      ],
      "correct_answer": "B",
      "media_size": 40,
      "media_type": null,
      "media_filename": null,
      "media_url": null
    },
    {
      "number": "9",
      "category": "Math",
      "question": "Find what is most nearly the angle between the two vectors.",
      "media": "Math_1009.jpg",
      "choices": [
        "0",
        "35",
        "80",
        "90"
      ],
      "correct_answer": "C",
      "media_size": 40,
      "media_type": "image/jpeg",
      "media_filename": "Math_1009.jpg",
      "media_url": null
    },
    {
      "number": "90",
      "category": "Geotech",
      "question": "A 15-ft-high retaining wall has a backfill of granular soil. The soil has an angle of internal friction of 32° and a unit weight of 130 pcf. The resultant Rankine active force (lb/ft) on the wall is most nearly",
      "media": "",
      "choices": [
        "300",
        "4350",
        "4500",
        "9000"
      ],
      "correct_answer": "C",
      "media_size": 40,
      "media_type": null,
      "media_filename": null,
      "media_url": null
    },
    {
      "number": "91",
      "category": "Geotech",
      "question": "A geotechnical engineer performed a consolidated-undrained triaxial shear test on a cylindrical clay specimen. The specimen had a diameter of 1.7 inches. During the test, the normal load at failure was measured to be 180 lb. Based on the test results, the soil parameters were determined as cohesion (c) of 600 psf and an angle of internal friction (φ) of 25°. What is most nearly the shear strength (psi) of the soil at failure?",
      "media": "",
      "choices": [
        "35",
        "80",
        "630",
        "40"
      ],
      "correct_answer": "D",
      "media_size": 40,
      "media_type": null,
      "media_filename": null,
      "media_url": null
    },
    {
      "number": "92",
      "category": "Geotech",
      "question": "A normally consolidated clay layer, 15 ft thick, is undergoing a decrease in thickness due to a sustained load. Laboratory testing determined that its coefficient of consolidation (cv) is 0.20 ft²/day. This clay layer is naturally situated between two highly permeable sand layers. What is the time (in days) required for 50% consolidation of this clay layer, if the time factor (T) for 50% consolidation is given as 0.197?",
      "media": "",
      "choices": [
        "15",
        "55",
        "104",
        "220"
      ],
      "correct_answer": "B",
      "media_size": 40,
      "media_type": null,
      "media_filename": null,
      "media_url": null
    },
    {
      "number": "93",
      "category": "Transp",
      "question": "Determine the approximate load equivalency factor for a 24,000 lbs tandem-axel truck.",
      "media": "",
      "choices": [
        "3.03",
        "0",
        "0.26",
        "8.88"
      ],
      "correct_answer": "C",
      "media_size": 40,
      "media_type": null,
      "media_filename": null,
      "media_url": null
    },
    {
      "number": "94",
      "category": "Transp",
      "question": "Find the approximate value for demand flow rate on a 3-lane freeway situated on rolling terrain. The demand volume is 1,345 veh/h. Assume the peak-hour factor is 0.74 and the proportion of single unit trucks is 0.1.",
      "media": "",
      "choices": [
        "655 pc/h/ln",
        "712 pc/h/ln",
        "725 pc/h/ln",
        "749 pc/h/ln"
      ],
      "correct_answer": "C",
      "media_size": 40,
      "media_type": null,
      "media_filename": null,
      "media_url": null
    },
    {
      "number": "95",
      "category": "Transp",
      "question": "A highway has a horizontal curve with a PI of sta 9+03, an intersection angle of 19°50’00”, and a radius of 1,545 ft. Where is PC located on the curve?",
      "media": "",
      "choices": [
        "STA 5+66",
        "STA 5+75",
        "STA 6+33",
        "STA 7+17"
      ],
      "correct_answer": "C",
      "media_size": 40,
      "media_type": null,
      "media_filename": null,
      "media_url": null
    },
    {
      "number": "96",
      "category": "Transp",
      "question": "An urban intersection sees an average of 4,000 vehicles daily. Last year the city recorded 286 crashes in total. Determine what is most nearly the crash rate per million vehicles at the intersection.",
      "media": "",
      "choices": [
        "70",
        "150",
        "176",
        "200"
      ],
      "correct_answer": "D",
      "media_size": 40,
      "media_type": null,
      "media_filename": null,
      "media_url": null
    },
    {
      "number": "97",
      "category": "Transp",
      "question": "A highway lane has a volume of 2,500 vehicles per hour and an average vehicle speed of 60 miles per hour. What is most nearly the time spacing per vehicle (in s/veh)?",
      "media": "",
      "choices": [
        "1.4",
        "16.7",
        "42",
        "50"
      ],
      "correct_answer": "A",
      "media_size": 40,
      "media_type": null,
      "media_filename": null,
      "media_url": null
    },
    {
      "number": "98",
      "category": "Transp",
      "question": "Which of the following is not a step in the perception-reaction process of a driver?",
      "media": "",
      "choices": [
        "Perception",
        "Decision",
        "Identification",
        "Emotion"
      ],
      "correct_answer": "B",
      "media_size": 40,
      "media_type": null,
      "media_filename": null,
      "media_url": null
    },
    {
      "number": "99",
      "category": "Transp",
      "question": "A vehicle is traveling at 40 mph on a road with a deceleration rate 12 ft/s^2 on a 15% uphill grade. Calculate the stopping sight distance required (in ft), assuming a perception-reaction time of 2.5 seconds.",
      "media": "",
      "choices": [
        "167",
        "202",
        "225",
        "249"
      ],
      "correct_answer": "D",
      "media_size": 40,
      "media_type": null,
      "media_filename": null,
      "media_url": null
    }
  ]
}